4, Loop, Branch&Bound, MTZ, MTZ
tsp_my_short_inst/att10.tsp, 74.000000, 7.000000, 51.000000, 200.000000
tsp_my_short_inst/att20.tsp, 350.000000, 25.000000, 473.000000, 1316.000000
tsp_my_short_inst/att48.tsp, 681.000000, 85.000000, 165430.000000, 12032.000000
